<?xml version="1.0" encoding="UTF-8"?>
<!--
@author Ayush Partani
@Modified By Sanjay
-->
<configuration>
    <springProfile name="dev">
        <include resource="org/springframework/boot/logging/logback/base.xml"/>
        <appender name="all"
                  class="ch.qos.logback.core.rolling.RollingFileAppender">
            <file>${user.dir}/logs/audit/audit.log</file>
            <encoder class="ch.qos.logback.classic.encoder.PatternLayoutEncoder">
                <Pattern>
                    [%-5level] %d{yyyy-MM-dd HH:mm:ss.SSS} [%t] %c{1} - %msg%n
                </Pattern>
            </encoder>

            <rollingPolicy class="ch.qos.logback.core.rolling.TimeBasedRollingPolicy">
                <!-- rollover daily -->
                <fileNamePattern>${user.dir}/logs/audit/audit.%d{yyyy-MM-dd}.%i.log
                </fileNamePattern>
                <timeBasedFileNamingAndTriggeringPolicy
                        class="ch.qos.logback.core.rolling.SizeAndTimeBasedFNATP">
                    <maxFileSize>1024MB</maxFileSize>
                </timeBasedFileNamingAndTriggeringPolicy>
            </rollingPolicy>
        </appender>

        <logger name="com.infominez" level="DEBUG"
                additivity="true">
            <appender-ref ref="all"/>
        </logger>
        <root>
            <level value="INFO"/>
            <appender-ref ref="all"/>

        </root>
    </springProfile>
</configuration>
